Name,Supplier ID
2M Trading & Contracting Co.,30367
4K Building Materials,11473
59 Real Estate,10230
A AND B Gulf Contracting & Consultancy W.L.L,17779
A2Z Trading & Contracting,30281
Aalco Group - Al Ajjaj Limited Co.,30299
Aamaal Ready Mix,10101
Aamal Cement Industries W.L.L,11318
Aamal Readymix W.L.L.,11528
Aarif & Group,39075
ABC Project W.L.L,11307
ABCO AM Equipment Trading W.L.L.,30383
Abdel Latif,10239
Abdul Hameed Abdul Rahim and Asad Co,10110
Abdul Hamid Abdul Rahim Al Emadi Trading Company,30215
Abdul Hamid Abul Ali,30334
Abdul Haq & Group,39013
Abdul Kadir & Group,39011
Abdul Kalam & Suresh Group,39082
Abdulla Abdulrahman Obaidan Fakhroo Sons Trade Co.,11244
Abdulla Al Emadi Trading Group,11317
Abdulla Almotawa Law Firm,11477
Abdullah Abdulghani and Bros.Co. W.L.L,11252
ABDULLAH IBRAHIM AL JAIDAH & SONS,30993
Abensal Lighting,11628
Abir Star Trading Contracting Hospitality,30420
Abuhail Trading & Contracting Co. W.L.L,31031
Access Equipment Rental and Trading Gulf L.L.C,11375
Acon Calibration and Instruments Trading,11825
Acontec Engineering W.L.L.,11605
Acoustic Design Firm Consultancy W.L.L.,11620
Acrow Formwork Technology,30990
Acrylic Factory,11514
Adam Kabari & Group,39010
Adastra W.L.L,11249
Adax Security Systems,30204
Advance Construction Technology Services,11656
Advanced Business Technology,11403
Advanced Materials Company - Qatar L.L.C.,30370
Aeon Contracting & Trading,30510
Afaq Marble and Granite Co.,11261
AFFIX,11840
AFFORDABLE TRADING CO. WLL,11785
Agbizz Trading and Engineering Services,11489
Ahamed Jasim Trading & Contracting W.L.L,30245
Ahmad Samir & Group,39020
AHMADI INDUSTRIAL & ELECTRICAL EQUIPMENTS,11838
Ahmed Elshobrahly - Group - Carpentry,39054
Ahmed Mahmoud Adbussalam,39134
Ajmal Khan,30163
AKI Fitness Trading,30475
Al-Adraj Building Materials Est.,11553
Al-Ain Contracting,10208
Al-Aqssa Agricultural Co.,11709
Al-Asema Building Materials & Trading,11521
Al-Asmakh Engineering,30104
AL-AWALIA,114798
AL-AWALIA,11798
Al-Azad Transportation,11678
Al-Dhow General Trading Contracting Company W.L.L.,11626
Al-Emadi Enterprises,10195
AL-ENJAZAT TECHNICAL WORKS CO. WLL,11810
Al-Feroz Int'l Trading W.L.L.,11573
Al-Feroz International Trading,10194
Al-Jaber Steel Co. W.L.L.,30400
Al-Kashaf International,11688
Al-Kholaifi Trading Co.,10183
Al-Maaref International Trading Co.,11697
Al-Maddad Al-Qatria Co,10104
Al-Majd Consulting Engineering Co. (W.L.L.),11629
Al-Mamoon Swimming Pool and Spa,30106
Al-Mansoor Consulting Engineering,11703
AL-MIRQUAT TRADING & CONTRACTING,31033
Al-Moayyed International,30107
Al-Muftah Ready Mix,10105
Al-Mwada Building Material Co.,10173
Al-Najjar Store,10106
Al-Noaimi Agriculture & Irrigation Services,30438
Al-Obaidly Ceramics Co.,10107
AL-QATARIA FOR IND. STEEL WLL,10256
Al-Rafee Enterprises W.L.L,30108
Al-Rayyan Block Factory,10108
Al-Sabeel Buildiing Materials Trdg,10109
Al-Sehmiah Cement Products,11546
AL-SHAIBEH ESTABLISHMENT,11824
AL-SHARK SANITARY WARE CO. BUILD. MAT. & ELEC.,11789
Al-Shark Sanitary Ware Co. W.L.L.,11660
Al-Ta'adhod for Projects,30352
Al-Ta'adhod Group Trading & Contracting,11241
Al-Thuraya International,10203
Al-Wazeeri Enterprises,30109
Al - Andalus Marble Decor And Granite Co.,10220
Al - Laytani Trading & Contracting,30196
Al - Rafidain Co.,30190
Al - Sahoo Trading Co.,10226
Al Able Trading and Contracting,10152
Al Ahmadi Trading W.L.L,11269
Al Alee Supporting Service,11389
Al Alia Trading & Transporting Services WLL,11834
Al Allam Cleaning W.L.L,30523
Al Amaan Interior Decoration,30345
Al Amer Electrical Boards Manufacturing,11306
Al Amodi Group,10232
Al Andalus Furniture,30257
Al Andalus International for Building Materials,11313
Al Anis Trading Co. W.L.L.,30387
Al Annabi Electronics,11291
Al Arabiya Laboratories,11274
Al Asas Factories,10201
Al Athbi Trading Group WLL,11451
Al Attiya Motors and Trading Co.,17765
Al Badi Trading & Contracting Co. LTD.,30317
Al Baqali Automatic Doors,10190
Al Baraha Engineering Consultant,10253
Al Bastha Trading & Contracting WLL,30568
Al Baud Technology Co. W.L.L,11232
Al Bayan For Electronics and Led Technologies,30435
Al Bayt Furniture,11771
AL BEHERY TRADING CONTRACTING & SERVICES CO.,30991
Al Bena for Electro-Mechanical Works,11545
Al Bishri Tranding and Contracting,11354
Al Buhaara Trading and Contracting,11701
Al Dana Switchgear,30427
Al Dayaa,30101
Al Deeb Contracting & Transportation & Trading,30288
Al Dehleez Trading & Contracting,11497
Al Doha-Schindler Elevators & Escalators W.L.L,30102
Al Doha Landscape Trading & Contracting W.L.L,31052
Al Emadi Enterprises,11685
Al Emadi Packaging Products,11398
Al Emadi Stones,30143
Al Emadi Trading and Contracting Co.,30230
Al Emadi Travels,10251
Al Emtiaz Golden Contracting,30258
Al Farraj Electrical Engineering,10205
Al Futtaim Elevators and Escalators,30140
Al Ghorairi and Partners,10103
Al Gori Trading and contracting co.,30139
Al Hamad Automobiles Co. W.L.L,10236
Al Hamad Automobiles W.L.L.,11666
Al Hamadi Trading-Qatar Prefab,11222
AL HANQAH Services LLC,30462
Al Hawa Al Naqi Contracting & Services W.L.L.,30381
Al Hazem Stainless Steel,30173
AL HEMAYA INSURANCE BROKERAGE WLL,31037
Al Hussaini Aluminium,30337
Al Hussaini Enterprises W.L.L,11769
AL JABER ENGINEERING WLL,11799
Al Jaber Heavy Lift and Transport W.L.L,11333
Al Jazira For Safety Security & Cont. LLC,11848
Al Khaleej Modern Lights,11422
Al Kindi Trading Est.,10175
Al Kuwaiti Stores W.L.L.,11541
Al Lira Al Zahabiya Trading Contracting,30325
AL LIRA ALZAHABIA TRADING CONTRACTING & TRANS.,30533
Al Mahazem Trading,30384
Al Mahya Trading and Contracting,11544
Al Majaz Information Technology Consultants,11217
Al Maktab Al Qatari Hollandi W.L.L.,11733
Al Malki Trading & Contracting Co.,30382
Al Mana Maples W.L.L.,30431
Al Mana Motor Company,11424
Al Maram International Co.,10154
Al Mazrouei - ICAS W.L.L,30348
Al Mekhlafi Trading & Contracting Co. W.L.L,30327
Al Messila Resort & Spa,11587
Al Misnad,10206
Al Mojtama Store Co.,11355
Al Muftah Fiberglass Products W.L.L,11394
Al Muftah Interiors,10168
AL MUTATAWER FACTORY FOR BUILDING MATERIALS,11863
Al Nada International Factory,11311
Al Nemir Trading and Contracting,11238
Al Nodra for Trading and Decor,30207
Al Noor Advertising,30247
Al Noor Engineering Co,30103
Al Noor Plastic Factory,11805
Al Obaidly Trading & Services W.L.L.,10243
Al Obeidly & Gulf Eternit Trading Co. W.L.L.,11522
Al Qayed International Tents,30292
Al Qayed International Tents,11342
Al Qayed Travel and Tours,11331
Al Rabat Building Contracting Co.,11631
Al Rabeh Transport,30302
AL RABIAH CENTRAL CONTRACTING COMPANY,30566
Al Raeda Consultancy & Quality,11437
Al Rafa Global Trading & Contracting,11762
Al Rahi,11684
Al Rayan Elevator & Escalator,31044
Al Rayes Laundry Equipment & Accessories W.L.L .,11759
Al Rayyan Swimming Pools,30198
Al Reeha Trading & Contracting,30308
Al Sabea for Ready Mix and Blocks,11519
Al Safa Mechanical and Electrical Tools,11225
Al Safina Al Khaleejia Trading & Contracting WLL,11730
AL SAMAHA HOTEL EQUIPMENT TRADING AND HOSPITALITY,11761
Al Shabeeb Surveying W.L.L,11720
Al Shaikh Int. Trading and Contracting,30238
Al Shark Sanitary Ware Co.,10241
Al Shaya International Co. W.L.L,11366
Al Shulah Lighting,11262
Al Sultan Custom Clearance & Freight Est.,11526
Al Sultan Customs Clearance & Freight Est,11391
Al Suwaidi Technical Centre,31015
Al Tayeb Trading Establishment,30332
Al Tayeb Water Technology W.L.L,11402
AL TMOOH Trading & Contracting,31000
Al Tofei Trading,10235
Al Waab Plastics Factory,11560
Al Wajba Motors,11439
Al Waqt Al Mokhtasar,30484
Al Watan Aluminium and Glass,30216
AL WATANIA STEEL QATAR,10255
Al Wataniya Concrete W.L.L.,11585
Al Yarmouk Installing Natural&Mechanical Stones,39064
Al Zaha Trading and Contracting,31004
Al Zaman Lawyer and Legal Services,11386
Alabama Trading,11470
Alaman Design,30224
Alaska Cleaning Centre,11693
Alba Engineering Service,10170
Alba Generators,10197
Albayan WPC,30479
Alcat Heavy Equipment parts & Services,11722
Aldoha Landscape Trading and Services,31007
Alfatah International Company for Contract,30394
ALGHROUP CLEANING,30565
Alhdaf Alfdy for Trading,30444
Ali Hussain & Group,39070
Aljabor Trading,11395
Aljabor Trading,30176
Almana and Partners W.L.L,11297
Almana Computer Services,10182
AlMasaken Security Systems,30253
Almoayyed Air Conditioning,11539
Almoayyed Commercial Services,11284
Almoe AV Solutions W.L.L,11469
Almuftah Carpentry,31012
Almuftah Polymer W.L.L,10225
Almuftah Trading & Contracting Co. W.L.L.,11567
ALNAHA FOR TRADING & CONTRACTING,10240
Alphatech Services & Trading W.L.L,30989
Alrais Trading Est.,11695
Alrayyan Fire Systems,11661
Alrayyan Juniors Trading Steel,11554
Alsarf Trading & Contracting Co. W.L.L.,11621
ALTAYEB ENTERPRISES,11862
Altech Aluminium & Steel W.L.L.,30443
Altura Factory W.L.L.,11588
Aluminum Gulf Ray,30386
Alwan Marble & Granite Factory,11518
Amaco United Group,30251
Amana Steel,10111
AMAR CERAMICS TRADING W.L.L,11649
Ambali Group Tradg. & Contracting Co.,30155
Ameer Hussain & Group,39015
Amiantit Qatar Pipes Co. Ltd.,11450
Amir Hossain & Group,39078
Ankara Decorative Insulation,31040
Ansari & Group,39029
Anton Nehmeh Establishment,11474
Anvil Engineering Services & Trading,11663
Apollo Enterprises,11608
Aqfal Trading & Services Co. W.L.L,11338
Aqfal Trading & Services Co. WLL,11713
Aqtab for Trading & Contracting,30488
Aqua Proof Trading & Cotracting Co.,30318
Aqua Tanks,11516
Aquaplex Trading WLL,11542
Arab Center for Engineering Studies,10148
Arab Dewatering & Survey Services,30149
Arab Dewatering Survey and Services,30203
Arabi Company - Qatar W.L.L,11440
Arabian Engineers Consultants,11746
Arabian Gulf Melco Elevator Doha W.L.L,30236
Arabian Mix Co,10113
Arabian Specialised Materials WLL,30391
Arabian Specialised Materials WLL,11551
Arabian Trad. and Contractor of Elevators,30200
Arabian Trading Agencies Comapny W.L.L.,11781
Architectural Avenue Trading and Services W.L.L,11609
Architectural Trade & Services Co. W.L.L.,30436
Arctic Cooling Company,11664
Arcview Trading,30442
Arena Waterproofing,30110
Arif Mohammad Ullah,39136
ARJUN SARKAR,39128
ARKAZ INVESTMENT,17772
Arshad & Group,39003
Art and Built Solutions,11348
Art Avenue,30223
Art Beton Contracting & Trading,11510
Art Glass,30351
ART GROUP,31025
Artcorp Int'l.,11606
ARTEC WATER TECHNOLOGY CO. WLL,31028
Artec Water Technology for Trad. & Cont. W.L.L.,30430
ARTHAR MASIH,39129
ARUN KUMAR RAUT,39130
Aruva Distributions & Trading,11696
Aruva Distributions & Trading W.L.L.,11671
ASAS CONSTRUCTION CHEMICAL FACTORY,11852
Ashmoun Trading & Contracting,30306
Asia Electro. Mechanical Co. W.L.L.,11610
Asia Trading Engineering and Services Co.,11340
Aslak Trading & General Contracting,11237
ASMA,30179
ASTRON Certification WLL,11843
Athens Granite and Marble Co,10114
Atlantis International Contracting W.L.L,11460
AUTO CLASS CARS,11830
Automan Scrap and Garage,11580
Automax Trading,11711
Awazel International Qatar,11500
Awzan for Treading & Contracting,31021
AXLE SYSTEM WLL,31032
Aysel Trading & Contracting Co. WLL,11787
Babu Lal & Group,39080
Babu Ram and Group,39021
Bagdad Decoration,39022
Bahar Contract Lighting,11668
Bajrang Singh & Group,39112
Baljeeth & Group,39004
Barakat Engineering Co. W.L.L,11397
Bardwil Specialities Qatar,11420
Barq Group,30261
Bayan Kitchen Equipment,30232
Baynunah Laboratories,17774
BBMC Building Materials Co.,10250
BC Trading,30456
Beamed Trading WLL,11714
Becon Trading & Contracting W.L.L.,11543
BEIN SPORTS MENA W.L.L,30986
Belarte Contracting Management and Design Develop,17773
BEVERLY HILLS B TO B SOLUTIONS TECHNOLOGY,11795
Beverly Hills Plastic Factory WLL,11804
Bhakta Bahadur BK,39135
Bhalakaji Group,39092
Bin-Al-Sheikh Tradg. Est,10115
Bin Al Sheikh Rebar Factory,11430
BIN ARBAID TRANSPORTATION & EQUIPMENT WLL,11786
Bitumode Qatar Waterproofing,11782
BJM TECH TRADING,30544
Black Arrow Trading & Services W.L.L.,31002
Blanc Studio Interiors,11531
BLASLINE TRADING & CONTRACTING WLL,11776
Blue Crescent Engineering Trading & Cont. WLL,11770
Blue House,30219
Blue Ribbon,10165
Blue Skies Trading and Contracting,11387
Bluribbon Design Atelier,30248
Blutronic Trading,11426
BO Design,11388
Boecker Public Saftey LL,30535
Bojamhoor Mechanical and Electrical Company W.L.L.,30397
Bolar Trading & Contracting,30439
Bonyan Al-Fadil For Trading and Construction,30105
Boodai Trading Company W.L.L,11275
Boom Treatment Company,11218
Bosphorus International Trading and Services W.L.L,30249
Boston Security Services,11821
Braga S.p.a.,11615
Bristol Trading & Contracting,30336
Britannic Water Treatment Co.,30195
British Aluminium LLC,30378
Brymax Lighting,11597
Build Tech Trading and Building Materials Co.,30240
Buildware Trading Co.,11463
BUREAU OF ENGINEERING STUDIES,11727
Bürotime Mobilya Sanayi Ve Tic. A.?.,17782
Buzwair Advanced Technologies,30279
Cabina Enterprises,11377
CABTECH TRADING & CONTRACTING WLL,11833
Cal Power SRL,11837
Callisto Trading & Decorating W.L.L.,30437
Cambridge Trading & Services,11444
Canon Office Imaging Solutions L.L.C,11349
Cantech Your Technology Partner,31026
Capital Trading Est.,10196
Carawan W.Proofing & Projects Co.,30214
Carrier Solutions Contracting and Trading and Serv,11563
Casa Blu Company,30472
Cash,19999
Castello Cast Aluminium,30357
Casting Trading Contracting & Services,11832
Castle for Building Material Co. W.L.L,11353
CCL Qatar W.L.L,30992
Central Airconditioning Trading & Services Co.,11831
Central Airconditioning Trading & Services Co.,30445
Central Ventilation Systems Industry W.L.L.,30508
Centre Testing International Corporation,17784
Ceramic World,11236
CESCO,11706
Chabros Trading Co. WLL,11699
Chainlink Qatar,30178
Challenge Technology W.L.L,11303
CHARIOT TRADING CONT & TRANS WLL,30561
Chemcon Contruction Chemicals,11334
Chesneys,11687
Chimera Solutions Trading W.L.L,11765
CHINAR GROUP CONTRACTING & TRADING WLL,31057
Chip Qatar Solution,10180
Ciko Middle East,11464
Cisterna Trading and Contracting,30354
City Electrical Trading and Contracting W.L.L,11378
City Fitness W.L.L,11270
City Square Trading & Contracting W.L.L,31045
Classic For Alum-Steel Decoration,30111
Clepoatra Technology Co,30112
Clic Qatar Trading Company W.L.L,30290
CMC Qatar,10116
CMS Trading,11673
Comet Group Qatar,30314
Computer Mart Trading,11777
Computer Plus,11472
Concept design & Build Co. WLL,30525
Conceptive Contracting W.l.l.,11809
Concord International Import Export Co.,10249
Concord Surveying Works Co.,11278
Concorde Hotel,10162
Concrete Stone Trading and Contracting Co,30389
Concreters Restoration Buildings W.L.L.,30364
Concut Trading & Facility Management,30418
Conexion,10147
Confident Enterprises W.L.L.,11527
CONFIDENT TECHNICAL SERVICES,11849
Connections Middle East,11857
ConQueri,11672
Conserve Green Building and MEP Solutions W.L.L,11755
Consol Construction & Trading,30272
Consort Trading L.L.C,11836
Constreite Qatar for Construction Maintenance W.L.,30401
Construction Computer Software,10155
Construction Material Trading Company,11640
Contemporary Ceramics,11845
Contra International Doha W.L.L,30210
Control Electronics and Electrical Trading Co. WLL,11646
Corniche Towers Trading and Contracting,30415
Cozmo Travel,11466
Creative Display W.L.L,30322
Creative Vision Trading and Decoration,30339
Credo Trading,11350
Cretec Contracting & Trading W.L.L,30283
Cruise Marine for Ships W.L.L,11443
Crystal House,11356
Crystal Palace,11724
Crystal Stainless Steel,11569
Culligan Gulf LLC,30466
Cummins Qatar LLC,11594
Customer GRC Aluminium&Building Material Trading,30211
Cybernetics Trading & Installation,30476
D GATE TRADING & CONTRACTING,11807
D.C.S Trading and Services,10174
DAIKIN TRDG. AND AC SOLUTIONS WLL,30509
Dallas Trading Co. LLC,11346
Danube Building Materials Co.,10252
Danube Home Qatar,11819
DARA  AL WATAN INSPECTION SERVICES,11791
Darwish Elevators,30113
Data Voice Technology,30520
Debonche,30353
Deco-Tech Metal Profile Factory,11417
DECO LUSSO INTERIOR DESIGN,11811
Deco Project Trading,30293
Decoration World,30359
Deekar Heavy Equipment Rental,11630
Deemah Finishing & Trading,30453
Delta Business Systems,10150
DELUXE TRADING & SERVICES WLL,11767
Derbas Decor & General Maintenance,30159
Derbas Decor and General Maintenance,10213
Dere Trading and Construction,30278
Desert Ghazal Trad. Cont. and Hospitality  Service,31054
Desert Line Carpentry & Furniture Workshop W.L.L.,30373
Desert Line Projects,30358
Desert Star Trading,17766
Desert Sun Trading & Contracting W.L.L,30276
Design 2000 International S.r.L.,30464
Dewchem Trading & Contracting WLL,11748
Dextra Manufacturing Co. Ltd.,11445
Dhafir Switchgear,10117
Dhub,30328
Diamond Builders Trading & Contracting W.L.L,30323
Diamond Professional Trading & Contracting,11619
Digital Energy Switchgears W.L.L,30242
Dil Mohamed & Group,39071
Diwan Al Emara W.L.L.,11529
DLI Technology & Information Systems,11373
Doha Bay Aluminium,30296
Doha Cables Qatar W.L.L,11453
Doha Clean Line Design,11729
Doha Energy Trading and Contracting W.L.L,11250
Doha Gratings & Metal Works WLL,11537
Doha Insurance,10171
Doha Kwik Span For Metal Works,30183
Doha Modern Printing Press LTD.,11325
Doha Petroleum Construction Co. LTD.,11475
Doha Pools & Landscape W.L.L.,30421
Doha Pools & Landscape W.L.L.,11591
Doha Regional Plastic Solutions,11550
Doha Seagull Trading W.L.L.,11515
DOHA SPECIAL TRADING CONTRACTING & SERVICES WLL,30994
Doha Steel and Mechanical,11267
Doha Takaful,10118
Doha Technical Laboratories,11414
Doka Qatar W.L.L,11447
Domasco,11686
Domopan Qatar,30385
Don Construction Products - Qatar W.L.L,10245
Door Technology for Automatic Doors,30298
Dorman Smith Switchgear W.L.L.,11570
Dos Mohamed Group,39025
Dot Design,30447
Dream Glass Trading & Contracting W.L.L,30393
Drillone Trading and Contracting WLL,30540
DSI Middle East W.L.L.,11562
DTS SQUARE TECHNOLOGIES SYSTEM AND SERVICES,11796
Dubai Lights,11421
Dukharan Mahato & Group,39086
Dune Trading & Contracting,31013
Dutest Qatar W.L.L,11335
Dynamic Design Engineering Consulting,17786
DYNAMIC POWER WLL,30562
E-Government,11251
EBMC,10149
ECU-LINE DOHA W.L.L.,11721
Edama Facility Management WLL,30567
Eiak Group Trading and Contracting,30294
Eiffel Furniture,10177
El-Sewedy Cable,10119
El Moaz Contracting W.L.L,31017
Electra,30504
Electrical Vision Trading L.L.C.,11616
Electro City Trading,11369
Electro Trade Co. W.L.L.,11535
Elegancia Steel,30428
Elegancia Stones for Marble & Granite Trading WLL,30410
Elite Middle East,10178
Elite Sports,30398
Ellora Group WLL,11737
Emerald Qatar Trading & Contracting Services,30239
Emirates Kitchen Equipment,10191
End of S.T.A.Y. Automotive | Art Studio,17783
Eng. Adnan Saffarini Office (Architects & Engrng),11778
Engineering Factory for Carpets,30526
Engineering Factory for Carpets,30518
Engineering Supplies Company (E&I) W.L.L.,30399
Enteq Trading and Contracting,11413
EPCAR Trading & Contracting Engineering Co.,30333
Epic international,10163
Equipaint,30452
Equipment Trading & Contracting Co. WLL,39125
Equipt Supplier,30432
Erga Qatar LLC,11379
Ertibat Engineering Co. W.L.L,30255
ETA - Electro Technical Associates,30114
Etihad Steel Factory,30297
Euro Art Trading,11501
Euro Gulf Switchgears Trading W.L.L,11289
Eva Interior Fitouts,11579
Evelution Trading Services WLL,30497
Eventival Planners,11593
Everest Trading & Contracting Wll,11655
Evergreen Signage and Contracting W.L.L.,30449
Excel Air Electromechanical WLL,30451
Excel Metal Industries,30156
Excel Trading W.L.L,11425
Exodus Window Film WLL,30505
Expanded Metal Manufacturing Co. Ltd.,11263
Expert Solutions,30459
Faaf Consultants (Private) Limited,11499
Fahad Bin Abdulla Block & Interlock Factory,11320
Fahad Bin Abdulla Precast Factory,11784
Fahad Bin Abdulla Readymix,11772
Fair Trade Qatar,10120
Faisal Alshammary Contracting,11636
Fajr Al Gazyra Trading & Contracting Co. W.L.L,30326
Falcon Kitchen Equipment Company W.L.L,30280
Falcon Ready Mix Co,10121
Falkland Electricals and Trading Co. W.L.L,11258
Family Computers,11468
Family Medical,11498
FANAR NEON & ADVERTISING,30572
Fawaz Refrigeration & Air Conditioning,11400
FD Consult,11622
Felix Construction Co. W.L.L,10242
Fence Industries Trading,11511
Fender Trading and Contracting,30273
Field Industrial Supplies,10214
Fine Art Qatar,11725
Fire Safety,30524
Firestop Insulation Technologies W.L.L,31039
Firestop Middle East W.L.L.,30403
Firoj Ansari,39100
Firows Hospitality Cleaning W.L.L,11405
Firoz and Group,39096
First Dhaka Trad. Cont. Cleaning & Hospitality,11860
First Engineer For Technology Solutions,30349
First Global Trading & Contracting,11842
Fischer Fasteners QD Trading WLL,11633
Fit Worth Trading and Contracting Co. W.L.L,11281
Fitworth Trading & Contracting WLL,11692
Fix and Fit Trading & Contracting W.L.L,11476
Flora Landscape for Agricultural Services L.L.C.,30371
Floranza International Nursery W.L.L,30335
FMA TRADING AND CONTRACTING,11846
Fontana Fountains,11715
Forma Build Trading,11704
Four Color Printing Press,11530
Four Power Trading & Contracting W.L.L.,30362
Frangieh & Associates,30487
Fredrick & Group,39051
Free Line Decoration & Furniture,30441
Frijns Steel Construction Middle East,30115
Frontier Certification International L.L.C,11327
FTC Qatar,11496
Future Consultant Group,11851
Future Contracting & Plumbing,30392
Future Pipe Industries (Q.C.J.S.C),11401
Gafar Miya & Yam Raj Group,39105
Galaxy Engineering Consultancy,11371
Galaxy Stainless Steel Works Co. W.L.L,30264
Ganesh & Group,39040
Gar Waterproofing & Bitumen Factory,11409
Gas Equipment and Service Co,30116
Gather Tradind W.L.L,11215
Gazzaoui and Partners Qatar W.L.L,11336
GCC Construction Co.,30117
Gebal Group W.L.L.,11624
Genie Light,10185
German Quality UPVC for Windows & Doors,30376
GIBCA Ltd. Co. (FZC) LLC,30408
Global Electric Co,10122
Global Electrical and Mechanical Trading,30470
Global Strategic Trading & Contraction - GSTC,30161
Global Survey,11603
Global Sustainability Solutions and Services QFZ,39124
Globelink West Star Shipping W.L.L.,11719
Go Global Trading & Services,11647
GoDo Delivery,11488
Gold Leaf,10145
Golden Stone Trad & Cont Co.,11392
Golf International Company Hydroturf,11716
Goodwin Qatar W.L.L,10233
Grace Engineering & Technical Services W.L.L.,11794
Grace Qatar Trading & Contracting W.L.L.,30361
Grade One Trading and Contracting,11357
Grand Store Trading and Contracting,11471
Granite & Marble Source Trading,31011
Granity Marble & Granite W.L.L.,30379
Graphical Trading Co. W.L.L,11322
GRC Masters W.L.L.,30425
Green Hill Electrical Equipment store,10158
Green Life Contracting&Agriculture&Decoration,30237
Green Real Estate,11645
Green Waste Managment Sewerage Services L.L.C,11415
Gridari Lal & Group,39009
Group 5F for Middle East L.L.C,11817
Growth Empowerment Trading & Contracting W.L.L,17780
Guangdong Topfan International Logistics Co.,11859
Guide US TV,11479
Guilf Carpet Factory,10192
Gulf Additive Factory,11490
Gulf Ceramic,11412
Gulf Concrete Product -Hollow Core Slabe,30157
Gulf Concrete Products,10212
Gulf Construction Machinery,11800
Gulf Crown Furniture & Services WLL,11779
Gulf Flag Co. W.L.L,10146
Gulf Furniture W.L.L,30234
GULF HYGIENE,30576
Gulf Laboratories Co.,10164
Gulf Lights Electr. and Engineering,10123
Gulf Neon Advertising & Gift items,11214
Gulf Organisation for research and Development,11305
Gulf Plant Trading & Contracting,11503
Gulf Star W.L.L,30241
Gulf SwitchGears,30146
Gulf Switchgears Co,10124
Gulf Tarmeem Trading & Contracting Co.,30194
Gulf Technical Service - GTS (W.L.L),30388
Gulf Tiles Factory,11329
Gulf Top Trading & Contracting WLL,30537
GULF WATER SOLUTION TRADING,11801
Hadara Doha for General Contracting,30199
Haddadco Wrought Iron and Cast Aluminium,30217
Hafele W.L.L,11362
Halco International,30166
Halifax Trading and Contracting W.L.L,11359
Hamad Bin Khalid Engineering Services WLL,30531
Handmade Construction WLL,30514
Hany Tawfik Consulting Office,11547
Happy Life Trad. & Cont. & Cleaning W.L.L,31038
Hasenesco Block Factory,10125
Hassan Mowafi Trd. & Cont. Co.,30995
Hatif Qatar,30118
HAVACS International Trading,30498
Hazarath Ali and Group,39091
Hazrat Ali & Rabindra Garedi Group,39106
HCPS - ME W.L.L.,30409
Hempel Paints,10126
Hepworth PME (Qatar) W.L.L,11315
Heritage Furniture,10127
Heritage Furniture & Intetior,30187
Hertz Dayim Equipment Rental,11385
Hexa Tech International Trading and Contracting,30235
Hi-Tech for Metal Products,11658
Hi-Tech for Metal Products,30463
Highrise Trading and Contracting Wll,11839
Hilti Qatar W.L.L,10151
Hira W.L.L.,11601
Home Centre WLL,11690
Hormann,30250
Hosny & Mohamed Group,39083
Hot Shot,11705
Hussain Fikri Sons Tradg. Co,10128
I B A Stailess Steel,10189
IBA Agriculture,30184
IBA Aluminium,30171
IBA Aluminium,10179
IBA Interiors,10198
IBA Real Estate,10169
Ibn Firnas Trading & Contracting,17769
Ibrahim & Group,39014
ICTUS Projects,11370
ID Studio Trading W.L.L.,30429
iFurniture,11667
Il Fiore Rosso Trading & Decoration,11578
Imalco Ibrahim Mohd. Al-Khulaifi Trdg. Co.,30543
IMAR Trading & Contracting Co. WLL,30413
IMAR Trading & Contracting Co. WLL,11549
Imax Trading & Contracting W.L.L,11407
Inderjit Singh & Group,39098
Industrial Cable Management Systems Co. W.L.L.,11592
Industrial Equipment and Service Co.,11299
Infinite & Pools,30494
Influx Services and Trading,11826
Informatica Qatar,30368
Inno Tech Trading and Contracting,11343
Innovation Renewable Energy,10215
Inovec trading,11718
Insasoft,11486
Insight Designers and Engineers Cont.,11273
INTEGRAL SERVICES,11757
INTEGRAL VENDING SOLUTION WLL,11753
Intercare Hygiene,30331
International Center For Urban Development,30160
International Construction Solutions W.L.L,11253
International District Design & Contracting (IDDC),30177
International Eng. & Trade Group W.L.L.,30419
International Glass Co. W.L.L.,30363
International Gulf Trading Company WLL,30521
International Stainless Steel Co.,30119
International Towers Tradg. & Contrg.,30154
INTHRA HOTELS & RESTAURANT SUPPLIES,11758
Irfan & Group,39104
Ishfaq Heavy Equipment Machinery Co. W.L.L.,30402
Ismail Bin Ali Agriculture,31010
Ismail Bin Ali Furniture Industry WLL,30172
IT Cloud Trading and Programming WLL,11428
Italian Style Qatar W.L.L,11399
ITCC-Imperial Trading and Contracting Company,10184
Jabal Al Rahmah Trading & Contracting,30512
JABAL HIMALAYA CONSULTANCY,30575
Jabbar Mondal,39088
Jadara Trading & Contracting,30450
Jafer Ali Group,39116
Jagsir Singh & Group,39037
Jahangir & Group,39038
Jahangir Hossain & Group,39121
Jaidah Motors Trading Co. W.L.L,11219
Jalibat Al-Khair,11812
Jama Marble and Granite Co.,11235
Jamal Hossain & Group,39072
Japan Computer Technology,11287
Jasim Nema Blocks Factory,11216
JATINDER PAL,39131
Jawadco Trading & Servoces,30468
Jaypee Electricals Trading WLL,11710
JBK Controls W.L.L.,30423
Jefcon Contracting,30506
Jersey Engineering & Trading Company,30295
Jersey Manufacturing,11806
Jitendra Chaudhary,39127
Jotun Paints Qatar,11351
JSL Global,11446
Jubaili Bros. W.L.L,10224
Jubilant Energy Generator,11694
Juman Group,39110
KABIR HOWLADER,39133
Kadim Hussain,39073
KADIR MUSALMAN,39132
Kalim Miya,39089
Kamal & Group,39081
Kamal Trading & Contracting Co.,30458
Kanaan Fire and Saftey W.L.L,31056
Kangli Stone Co. Ltd. Nanan Shuitou,30360
Kangli Stone Co. Ltd. Nanan Shuitou,11513
Karas Qatar Trading and Contracting W.L.L,11411
Karmah Trading and Services W.L.L,30268
Kasimy Trading & Building Materials WLL,11577
Kdhaz Trading,11480
Kfilter Manufacturer W.L.L,11568
KG Plastic,10159
KHALID AL-ATTIYA LEGAL CONS & ATTY,11768
Khalid CementIndustries Complex,10129
Khalid Corporation for sanitary Ware W.L.L,11264
Khalid Plastic Industries Complex W.L.L,30220
KHALIFA AL KUWARI AND SONS TRADING CO. WLL,11841
Khalifa Steel Industries Co,10130
Khatib & Alami Consolidated Engineering Company,11382
Khazanah Wardrobes and Kitchens,30231
Kingfisher Trading & Contracting Company,11574
KINGSMAN TRADING,11752
Kingspan Yapi Elemanlari A.S.,11245
Kirby Building System,30150
Kitchen Plus W.L.L.,11670
Kone Elevators LLC,30120
KPMG,11259
Kumar & Group,39041
La Casa Design for Interior Design,31043
Lacasa Qatar WLL,11744
Laffan Refrigeration & A/C L.L.C,11797
Laffan Trading and Contracting,11455
Lamha Trading Co.,11600
Land and Marine Oil Fields Services Co. W.L.L,11296
Larkspur Group,10187
Laurus Technologies LL.C,11376
Lausanne Security & Safety WLL,30377
Lavignee Trading,11691
LB Trading & Automatic Doors,30477
LED World Trading W.L.L.,11741
Lemax Electrical & Mechanical Trading,10160
Leminar Air Conditioning Industries Co. Qatar WLL,11828
Leminar Global Distribution & Services W.L.L,11448
LIBERTY HOUSE W.L.L,11665
Light House Electrical W.L.L.,11538
Light Wave Zone Trading and Electrical Contracting,11239
Lila Bahadur & Group,39045
Lilac Landscape,31030
Liya Electricals W.L.L,11361
Lmehad Tech Metal Supply For Buildings,30121
Lokbahadur & Group,39055
Look Security Services,30300
Loons Group W.L.L,11844
Lulu Paints Center,10204
Lulu Rayyan,11707
Lusail City Company,11504
LUSAIL CITY DISTRICT COOLING CO.,30563
M2 Contracting and Waterproofing W.L.L,30277
Mackins Trading Contracting WLL,30455
Madar Building Materials,10209
Madhab & Group,39036
Madi International,30426
Madusuthan / Vijitharan & group,39005
MAG General Trading LLC,11681
Mahboob & Group,39008
Mahmoud Biddawi,30269
Mahmoud Sohel Contracting W.L.L,31001
Maison Interiors WLL,30502
Maite & Group,39027
Man Bahadur Thapa,39043
Management & Supplies for Elec Equipment M.S.E,11286
Management Solutions International,11565
Manar Al - Omran,10216
Manateq Economic Zones Qatar,11612
Manir & Group,39035
Manjula & Group,39007
Manlift Qatar WLL,11623
Mannai Trading Co. W.L.L,11257
Mantect Office Systems,10229
Manycon Trading & Contracting,30311
Marafeq Qatar,10222
Marazeem Security Services,11561
Marble and Granite Center,30144
Marble Stone for Marble & Granite Trading Co.,30206
Marina Platforms Qatar,11712
Marine Air Conditioning and Refrigerator Co.,11358
Marine Trading & Contracting Co.,10131
Maroon Homes Contracting,30448
Maroon Homes Contracting,11627
Marriage Qatar,30169
Marsh Harrier Trading & Contracting WLL,30369
Mary for Cleaning Pest Control and Trad,11220
Masa Access & Services WLL,30122
Masa Cleaning Co. W.L.L,11458
Masa Lifts,10132
MAVEN TRADING & INSTALLATION WLL,10257
Mavi Deniz Cevre Hizmetleri A.S,11506
Maysaloon Engineering Co.,10202
Mazallti Trading,30182
MD Jakirul Islam & Group,39118
MEAC Water Systems Co.,11416
Mechatronics,30123
Mechelec Intl Trading W.L.L,11224
Mection Qatar - Man Power,10210
Medford Trading W.L.L,10219
Media Solutions,11491
Mehre Aalam & Group,39006
MEKDAM CAMS W.L.L,31050
Mekdam Technology W.L.L,11321
Metal Plus,30517
Metal Trading and Contracting,30274
Metalco Fire Rated Doors & Windows,30365
Metalex Trading & Contracting Co. W.L.L.,30406
Metallic Equipment Co. L.L.C.,11524
METCO QATAR TRADING WLL,11827
METEK TRADING COMPANY WLL,11790
Metri Engineering Service W.L.L,11383
Metri Engineering Services W.L.L,30289
Metro Pools,30414
Microserve Data Recovery,11854
MICROSYS COMMUNICATIONS NETWORKS LLC,30542
Middle East Industry Tiles and Block Co. W.L.L,11234
Middle East Merchants,11502
Mizpah Trading & Contracting WLL,30303
MK Information Systems,11739
MLM Qatar Microlab Medical,11750
Modern Construction & Trading Co.,30158
MODERN ENGINEERING SOLUTIONS,30571
Modern Home,11677
Modern Home Electronic Business Unit Bosch,11293
Mohamed Abdulrahman Al-Bahar,10156
Mohamed Ali Abdul Rahman Trading Est.,11295
Mohamed Q.Al Guthmi Sons Co.,11457
Mohamed Saber,10238
Mohammad Manir Miya & Group,39119
Mohammad Omar Mohammad Arar,30465
Mohammed Abdullah Al-Jassem General Contracting,10211
MOHAMMED BILLAL TRADING & CONTRACTING WLL,31047
Mohammed Hussain Saleh Al Abdulghani Trading Co.,31029
Mohammed Rahman Trading & Contracting,11390
Mohammed Shahidul Islam & Group,39120
Mohan Lal & Group,39002
MOHD and BROS INTL. Trading Co.,11255
Mohd. Nasser Al Rayes Gas & Trdg. Est,30499
MOHD. Walid Al Sharabati,11380
Mohd. Yousuf Kafood & Sons. Trad. & Cont. Co.,10133
Mohin Uddin & Group,39113
Mojammalhoque & Baliram Raut Group,39108
Mokasco Express,11260
Mona Engineering & Trading Company,30999
Moore Stephens and Partners,11483
Morden Construction & Supplies,10231
Mosharaf & Group,39079
Most Winner Limited,30457
Mostafa Khalil,30513
Mount Everest Tradg. Co,30124
Moustafa & Group - Alemadi Eng.,39001
MSERVE Facilities Management,30440
MTC Surveys,10153
MTO MWATN Transport Office,10254
Mubeenco Trading,11674
Multilink Trading & Contracting W.L.L,31055
MultiTeck Trading & Contracting Co.,30167
Mumar Business,11328
Mumthaz & Group,39074
Musaraf and Group,39094
Nabina Building Materials,10134
Nabina Ceramic,11536
Nabina Interiors,30434
Nano Plus Qatar,31053
Narang Projects,30125
Narayan Mandal & Group,39102
Nasrallah Trading Est.,11461
NASSER BIN KHALED HEAVY EQUIPMENT,11856
Nasser Bin Khaled Ready Mix Factory,11517
National Furniture and Decoration Factory W.L.L,30252
National Industrial Gas Plants,30338
National Mattress Factory,30246
National Paints Factories Co. W.L.L.,11552
National Rebar Formation Factory,10135
National Waterproofing & Restoration W.L.L,30324
Nay Trading Co. W.L.L.,11732
Nehmeh Corporation LLC,10112
Nek Mahamand and Group,39095
Nemer Metal Industries Factory,11452
Neowell Pty Ltd.,30482
NEW PRODUCTS PLASTIC FACTORY-NEWPRO WLL,11774
New Project Kitchen Equipment L.L.C.,30467
New Rasafa Trading W.L.L,11277
New Tools and Bolts Trading,11254
New Vision China Lighting,11268
NEW WARE COMPUTER SERVICES CO.,11773
New Ways Trading and Contracting,30205
Newtech Eng. & Trd. W.L.L.,11581
Nice Technical,30126
NIMBUS Trading & Contracting,30174
Nippon Gulf Trading & Contracting Co.,39033
NMPM Trading & Contracting W.L.L,31014
Noman & Group,39032
Noon by Alia Decor,30446
Novatec Trading & Contracting,30500
NRG International,30461
NSCC International Doha (LLC),30319
Nuserv DMCC,11441
Nutec Enterprises  W.L.L,11644
Nysa Trading and Contracting Co. W.L.L,11282
Oasis Used Cars,11423
Obaikan Equipment & Service W.L.L,17767
Oceans Seven Trading and Contracting,30340
Oceanus International,30152
Officine Gullo S.r.l.,11618
Olive Office Trading,11285
OMC Ola Management Consultant,11803
One Touch Trading & Services W.L.L.,11614
Onkar Singh & Group,39024
Ooredoo Q.S.C,11298
Open Haarden Centrum Breda BV,11717
Oppein Home Group Inc.,17778
Optimer Trading & Contracting,30151
Options Sign,30222
Oriental Carpet Company,30996
Oriental Trading Company,11508
Oryx Fire Protection,30536
Oryx Marble & Granite,11590
OSIS Group,30262
Otto Trading Center,30221
Oxford Furniture Trading W.L.L.,30454
Pal Mixx Quality Plaster And Morter,10218
PALM Shading Systems & Accessories W.L.L,30188
Palmyra Trading & Indurstrial,30209
Paramount Trading Company WLL,11662
Pawan Kumar & Group,39062
Peri Qatar L.L.c,11301
Petraco Trading and Contracting,11595
PETRO-Q,11575
Petrogold Trading & Contracting Co. W.L.L,11459
Petroleum Technology Co. (Petrotec) WLL,30573
Petroleum Technology Co. W.L.L,11344
Phoenix Contracting & Trading Co.,30374
PHOENIX SUPPLIES & SERVICES,11855
Pimtas Trading and Contracting W.L.L,11292
Pipes Technology Co. W.L.L.,11572
Pistoia Trading,30284
Plamixx Factory W.L.L.,11793
Planet Trading & Transportation W.L.L,30309
Play and Learn,11462
Pledge const & trading agencies,11766
Pledge Decoration W.L.L,31019
Pluton Advertising Company WLL,11652
Polar Qatar,30496
Polar Specialized Technical Services W.L.L,11308
Polisandro Marble for Trading & Serives,11675
Poomas Ledea Trading WLL,11604
Popular Electricals and Trading Co. WLL,11586
POPULAR TRADING & CONTRACTING WLL,31051
Popular Trading & Transport Co. WLL,11818
Power Gas W.L.L,30287
Power Max Trading and Contracting Co. W.L.L,11337
Power Shoes Trading Co.,11467
Power Stream,30527
Powergrid Trading & Contracting,30511
Praeshwar & Group,39068
Precious Trading Company,30998
PREMIER CONTRACTING WLL,31048
Prime Food and Technologies L.L.C,30256
Prime Technologies WLL,30564
Print Shop,11438
Printek Computers W.L.L,11228
Printer Garage,11231
Professional Partners Trading S.P.C,11223
Professional Pools,30481
Profile and More Trading,11364
Profile Corporation,11599
Profixo Trading and Contracting W.L.L,11233
Project Polishing Co. W.L.L,11266
Prompt Trading Engineering and Services,11367
PROTECTOL TRADING WLL,11823
PTC Project Supplies W.L.L.,11566
Punenthiran & Group,39047
Pure Technology,30341
Puro Cleaning Services,30259
Putz World Co. WLL,11850
Puvinayagam Susitharan - Group- Steel Fixer,39053
Q-Tec Switchgear W.L.L,11246
Q Green Trading & Contracting W.L.L,31023
Q Innovation,30486
QAMSCO Building Materials Co. W.L.L,11341
Qaser Al Andalus Co,10136
Qasr Al- Andalus,30145
Qatar Aerated Concrete Industries Co. W.L.L.,17777
Qatar Air Distribution Network,11742
Qatar Al Attiyah International Group,11279
Qatar Asphalt,30181
Qatar Automobile Company W.L.L.,11555
Qatar Automobiles Company,11708
Qatar Boom Electrical Engineering,11247
Qatar Building Co,10137
Qatar Building Company (Heavy Equipment Division),17770
Qatar Clay Bricks Co,10138
Qatar Consol WLL,30501
Qatar Design Consortium,10228
Qatar Factory For Fire Fighting Equipment,11482
Qatar Fuel (WOQOD),10234
Qatar Gas Group,30141
Qatar General Electricity & Water Corporation,11240
Qatar Geotechnical & Environmental W.L.L,11751
Qatar GRC Co,30127
Qatar Green Leaders,11280
Qatar Indo Fabs,10172
Qatar Industrial Laboratories W.L.L.,11651
Qatar Insulation Company,11815
Qatar Insulation Factory,11731
Qatar Intercare Technical Services,30260
Qatar Internatiol Electrical Co.,10217
Qatar International Automobiles Co,11494
Qatar International Electrical Co.,11456
Qatar International Safety Centre WLL,30541
Qatar International Trading & Contracting Co.,30265
Qatar Islamic Insurance,10139
Qatar Manlift Company W.L.L.,11556
Qatar Marble & Granite Co. W.L.L.,30407
Qatar Mega Building Trading & Contracting,30165
Qatar Metal Craft W.L.L,30312
Qatar Modern Instruments & Controls Co. WLL,11747
Qatar National Cement Co,10140
Qatar National Plastic Factory W.L.L,11300
Qatar Oilfield Supply Center W.L.L.,11607
QATAR OILFIELD SUPPLY CENTRE W.L.L.,11728
Qatar Oxygen Co. W.L.L,30321
Qatar Paving Stones,11230
Qatar Pest Control Company,30225
Qatar Pipeline & Fittings Co. W.L.L,11449
Qatar Postal Service Co.,11272
Qatar Power Construction WLL,30495
Qatar Precast,30137
Qatar Primary Materials Company,11404
Qatar Rockwool & Mineral Fibers Factory,11564
Qatar Rotomould,11309
Qatar Stainless Steel,30478
Qatar Technology Networks,30315
Qatar Toronto Trading and Transport,11324
Qatar Trading Company,30355
Qatari Canadian for Energy & Electrical Industries,11427
Qatari Computer System W.L.L.,30424
Qatari Diar Real Estate Investment Company,11319
Qatari Engineer Trading and Contracting Co. W.L.L,30227
Qatari Home Design & Engineering Consultants,10167
QD-CPC Ready Mix,11532
QL Line,11533
QMI Bulding Metal Product Manufct.,30191
QUALITY HYDRAULICS & GENERAL TRADING WLL,11813
QUALITY HYDRAULICS & GENERAL WLL,11853
Quality Power Busbar Trading,11487
Quality Power Busbar Trading W.L.L.,30411
Quarry King Marble and Granite Co.,10176
Queen Airconditioning Ref. & Trading W.L.L.,11734
Quiet Night Trading and Contracting W.L.L,30244
R Nice for Trading W.L.L,31046
Rabban Ready Mix,10141
Radhe Shyam & Group,39026
Rafale Trading Co.,11638
Raj Kumar & Group,39052
Rajasthan Building Materials / BR.W.L.L,1322
Rajendar Meena & Group,39067
Raju Ali & Group,39085
Rakesh & Group,39039
Ralee Computers W.L.L,11302
Ram Ishwar & Group,39060
Rama Moorthy & Group,39097
Ramavtar & Group,39028
Ramji Sah & Group,39101
Raneen Energy Trading & Construction Co.,11643
Rankoussi Fabrics and Furniture,30471
Rare Distribution Qatar,11679
Rashid Al Mulla Sanitary&BLDS Materials Co WLL,11323
RATTAN HOUSE,30168
Ravi Khan & Group,39057
Rawwab Ali & Group,39012
Raymond Qatar Foundations,30128
Razak Nazir Ahmed Facilities Management & Services,31024
Red Links Construction W.L.L.,30412
Regency Pools & Landscaping,30129
Rental Station,11384
Reward Furniture W.L.L,11290
Rise & Shine Trading & Cont. Co.,30375
Roberto Giovannini S.R.L,30987
Roche Bobois,11654
Roche Bobois,20243
Rock Trading & Contracting,30147
Rocky & Group,39019
Rodha Khalid Co.,11381
Rohitash Kumar Mani & Group,39076
Rollc Qatar for Aut. System,31020
Ronautica Middle East,11436
Roof Tiles Trading Contracting,30380
Roots Qatar,30186
Roots Qatar WLL (Coating & Water Proofing),30569
Rose House Contracting Co.,11639
Royal Hospitality Co. W.L.L.,11736
Royal Marine Upholstery,30492
Royal Yacht Marine,11493
Rubel & Group,39048
Rumaillah Warehouse Equipment W.L.L,31009
S.B.K. Projects W.L.L.,11602
Saad Al Kaabi Steel & Aluminium Co.,30356
Saad Badi Furniture,30529
Saad Bin Majid Trading Co. W.L.L,10248
SABEA HOLLOWCORE,30985
Sabir Miya and Group,39093
Safana United Trading Company,11657
Safe and Secure Trading W.L.L,11418
Safeguard Trading & Contracting Co.,30291
Safetech Electro Mechanic Trading & Contracting,11365
Safety & Tools Trading & Building Materials,11582
Sahara Nails,11256
Sahayeb Trading & Contracting Co. W.L.L,30301
Saheb & Group,39115
Saied Al-Shabrawi,30130
Saif Al Kuwari Trading and Services,11276
Saif Qatar Duct Fab,30480
Salam Enterprises,11339
Salam Industries W.L.L.,30405
Salam Petroleum Services,30282
Salco Trading & Contracting Company,11534
Salim Mohamed & Group,39059
Sama Steel,30460
Samim Aktar & Group,39103
Samim Islam & Group,39077
Samtech Switchgear & Automation Technologies Co.,10200
San Marino Trading and Contracting,11820
Sanabl Al Khaleej Trad. and Services W.L.L,11316
Sanilux W.L.L,11557
Sanipex Qatar,11584
Sano Foundation & Heavy Equipment W.L.L.,30148
Saravan Mandal & Group,39084
Saravan Mandal & Group,30984
Satya Devchauhan & Group,39087
Saving Project Services,30162
Sawakin Maintenance & Cleaning Company,30313
SBA GRC Trading & Contracting,30474
SBK Elevators and Escalators,30138
SDK Contracting & Services,31042
Sea Gulf For Equipment Co.,10223
Sea Gulf For Equipment Company W.L.L,30170
Sea Prince Trading W.L.L.,11589
Seagull HVAC Industry W.L.L.,11641
Seas & Deserts,11481
SEASHORE HYDRAULIC CENTER,11858
Seashore Panel Factory,11429
Security & Safety Solutions for Security Services,10244
Sedar Qatar L.L.C,30229
Seero Engineering Consulting,11363
Seero Engineering Consulting LLC,11650
Selection Trading W.L.L,11243
Sentor Electrical WLL,11659
Servotek Group Buiding Material W.L.L,11312
Servtech International,30192
Sethun Rajbanshi & Rajkumar Dhimal Group,39109
Shahaya kumar & Group,39042
Shaid Islam & Group,39044
Shajahan & Group,39034
Shalimar Trading and Transport Co. WLL,11780
Shami Akhtar Group - Steel Work,39050
Shamshad and Group,39090
Sharq Law Firm,11792
Sharwan Kumar & Group,39063
Sher Dil Khan,30153
Sherle Wagner International,11642
Shift Rubber Industries,11743
Shubhkaran Barhman & Ram Abatar Saday,39107
Shuh Karan & Group,39018
Siemens,30346
Sign Inn Trading and Contracting Co.,30243
Signmax Trading W.L.L,30310
Signtrade,11509
Sika Qatar LLC,11637
Simla Trading Co. W.L.L,11814
Simsima Tiles Blocks & Interlock Factory,11505
Siporex Block Factory,17775
SKETCH ADVSERTISING WLL,11822
Skyline Automotive,11835
Skytech Elevators WLL,30390
Smart Elevators & Escalators,31016
SMART HOUSE,17764
Smart Links,30343
Smeet Precast,11393
SMEET Precast W.L.L,30175
Smeet Ready Mix,10142
Sobindra Limbu & Group,39099
Sodamco Qatar W.W.L.,11548
Solutions for Control and Automation W.L.L,30316
Sourcing Point Trading and Contracting,10199
Spa Vision Ltd.,11738
Space Scape Trading W.L.L,17768
Span Qatar,30330
Spartan Ready Mix and Tiles Co,10143
Specialists Trading & Contracting Co. (W.L.L.),30395
Specialized Aluminium and Steel Co. W.L.L,30208
Specialized General Contracting,30416
Spectra Arts W.L.L,30286
Spectrum Industries W.L.L,11434
Spick & Span Cleaning Services W.L.L,30304
Sports Corner,10221
Sports Gate W.L.L,30320
Sports Village,11669
Spring International Trad. & Cont. W.L.L.,11698
Star City Pest Control & Cleaning,30528
Star Delta Trading and Cont. Co. W.L.L,11248
Startech Middle East,11523
Steel Master Limited Trading Co. W.L.L,30213
Sterling Trading Co. W.L.L.,11611
Stream Specialized Services WLL,30491
Strong Trading & Contracting,31041
Styro Enterprises,11495
SUBHADRAM Trading & General Contracting,30344
SUHAIL INDUSTRIAL HOLDING GROUP,11760
SUHAIL METAL CASTINGS FACTORY,11808
Sultan Bin Jassim Trading and Contracting,11314
Sultan Sing & Group,39023
Sun Span Qatar,30226
Sunil Sharma & Group,39069
SunTech Trading Co. W.L.L,11304
Super Technical Entrprises W.L.L.,30473
Superior General Trading & engineering WLL,11648
Supreme Technologies,11326
Suresh Kumar & Group,39066
Surjan & Group,39065
Surjit Singh & Group,39030
Susin Qatar Trading & Contracting W.L.L,11435
Swiss Garage,17776
Sydney General Trading and Contracting,11598
Tab Engineering Services,30422
Tabarakh Mansuri & Group,39046
Tadmur Roofs & Pools,30164
Tadmur Solid Surface Factory,31036
Tadmur Trading and Contracting WLL,30305
Tahara Trading,11507
Tajul Islam & Group,39017
TalentCity Trading & Contracting,11408
Talib M. Talib Partner Company,11352
Tameer Engineering Contracting,30516
Target For Metals Forming & Fabrication,30519
Target Metal Industries,30347
Target Trading & Heavy Equipment W.L.L,31008
Tawarat Contracting,30997
Tawrid Qatar WLL,11702
Tebah projects Co. WLL,30469
Tech Hans,11723
Technical Modular Scaffolding & Formwork W.L.L,31006
Techno-Mak,30131
Techno Blue W.L.L,30193
Techno Guard,11749
Techno Light,30142
Techno Light,10144
Techno Qatar Limited Trading and Contracting,30270
Technobriq Solutions,30485
TECHNOLOGENT SERVICES,30538
Technology Solution Provider W.L.L,11227
TECHNOSAFE TRADING AND ENGINEERING WLL,11802
TELEBOOTH (JINAN) INTELLIGENT TECHNOLOGY CO. LTD,30489
Telephony Communication Technologies,11226
Tesla International Group Trading & Cont. W.L.L.,11540
Test and Measurement Solutions Co. W.L.L.,11576
Texon Trading and Contracting,11229
Teyseer Bldg. Materials and Transport Co.,10102
TEYSEER INDUSTRIAL SUPPLIES & SERVICES CO. WLL,11775
Teyseer Industrial Supplies and Services (TISCO),10166
Teyseer Motors W.L.L,31003
Teyseer Trading and Contracting,11478
THASAAMAH TECHNOLOGY,11756
That's Living,11682
Thats Living Caracole Qatar,11368
The Dive Center WLL - PDCQATAR MARINE,30350
The Humidor,11683
The Marine Place,11492
The Royal Light,11745
The Splash Lab,11726
The Vision Construction,30570
Threads District,30522
THREE LINES SHIPPING & LOGISTIC WLL,11788
Thunderbolt For Electrical LTD.,11347
Til Bahadur,39117
Tilkasiri & Group,39016
Tirathraj & Group,39031
Tissno Trading and Contracting Co,30329
Titanium Tinting & Insolation,30530
Tivoli Group L.L.c,113554
Tivoli Projects,11680
Tofiq & Group,39111
Tool World Trading W.L.L.,11613
Top Design Decor & Furrniture Co. W.L.L,30285
Top for Construction Services Trading Steel Build,30218
Top Glass & Stainless Steel W.L.L.,30404
Top Hygiene Hospitality and Cleaning Services,11635
Top Makers Joinery Trading & Decoration,31018
Torch Engineering and Trading Co.,11221
Tornado Decoration and lighting Company,11288
Toro Projects & Contracting,31034
Total Care,30503
Total Flooring Solutions W.L.L,30233
Total Interior Solutions W.L.L.,30483
Total Trading and Contracting,30267
Touvay and Cauvin Trading and Services L.L.C,11360
Trade House Qatar Co. WLL,11783
Traffic Management Solutions WLL,30574
TraffiConsult,11653
Trans Gulf,11512
Trans Power,10161
TREX TRADING & CONTRACTING,31027
Tripon Star Trading & Contracting,11465
Trouvay & Cauvin Trading and Services LLC,11520
Trucks and Cranes L.L.C,11330
True Link Trading and Contracting WLL,10258
TS Qatar Systems & Communications W.L.L.,11571
TUV SUD Middle East LLC,11345
UAQ Safety Training Centre,11559
Ultimate Trading Building Materials & Supplies Co,10186
Ultra Light,10188
Umm Nasser Center,11740
Umme Lakhba Contracting And Trading,30189
Unicon Limited,30132
Uniform Specialist,11617
Unilock Block Factory,11484
UNION FIRE PROTECTION W.L.L.,30532
Union Precast Factory Qatar L.L.C,30988
Union Trading Center,10247
Uniplast Co. W.L.L.,11454
Unipro Qatar,11410
Unique Art Trading & Contracting WLL,11829
Unitech Qatar,11242
United Architects Consultant for Architecture,11583
United Cooperation General Trading W.L.L,11310
United Cooperation General Trading W.L.L,11816
United Cooperation General Trading WLL,39123
United for Testing Adjusting and Balancing Trdng,31022
United Gulf Cement Company,11847
United Industrial Material Company L.L.C,30534
United Interior Engineering,30133
United International Trading & Contracting Co.,30366
United Precast Concrete Co,30134
United Supplies Company W.L.L.,11632
United Technical Services Co. W.L.L,30266
Universal Design Center,30275
Universal Production,11406
Unvani Trading & Contracting W.L.L.,30396
UPM World Trading and Maintenance W.L.L,11861
Usersave Trading & Contracting,31005
UTSCO Trading & Contracting,30372
Vedeo Home - LG,10193
Vega Trading and Contracting Company W.L.L,11396
Venture Global W.L.L,10246
Venue Decoration,30254
Versalles Trading & Contracting Est.,11431
Vibrant Consultancy W.L.L,30539
Video Home & Electronic Centre,30135
Vijay Singh & Group,39114
Vikram Singh,39056
VIPUL SINGH,39126
Vision Trading Contracting & Services W.L.L,39122
VISIOQ For Security Solutions,30180
Visual Projects,30228
Vixen International Trading & Contracting Co.,11689
Vodafone Qatar,11558
Voltage Engineering LTD. Co.,30271
Waha Al Wakra Punctury for Tyres,11294
Wall Tek Solution,30493
Wallace McDowall Ltd.,31035
Wasa International Limited,11625
Water Wheel Projects,17785
Watermaster Qatar W.L.L,11433
Watertech United,30136
Waves Engineering,11676
Waves Trading & Con W.L.L,30201
We Serve Trading & Contracting W.L.L,11419
Weltech Vision Trading Co. W.L.L.,11525
WELTECH VISION TRADING CO. WLL,11764
Wenzhou Look Furniture CO.LTD.,17781
White Aluminium International,30263
White Magic,11700
White Stip Contracting,30307
Wiltz Trading and Contracting W.L.L,11283
Wood Architectural Works W.L.L.,30433
Woodpecker GCC for Decoration,31058
Wurth,11735
Xiamen Honest Treats Industrial Corp.,30507
Yellowline Trading & Services L.L.C.,30515
Yiwu Xunhao Trading Co. Ltd,17771
Younes Bros,30490
Younus Alam Ansari & Group,39049
Zaibullah Khan,30417
Zainal Electronic Centre,11432
Zakir Mustak & Group,39058
ZEAL PLANT HIRE & TRADING,11763
Zeeman Services Solution,10227
Zegoret Trading & Contracting,11634
Zenith Technical Services,30342
Zenith Technical Services W.L.L.,10157
Zeus Trading & Contracting Co. W.L.L,30202
Zoom Trading W.L.L,11442
Zyklus Trading,11485
Zynax Trading and Contracting W.L.L.,11596
